Masked_Sequence,#Reads,Read_Status,#Reads_Final,%Reads_Final
TGATCACTCCACTGCCAAGCCAATCAACTGGCTGTGAAGTGAAATTGTATAATAAAATGCCGAATGTCTCTCGATCTGATCTAAACC-------------------------------------------------------GGGGGTGAGCTGCGCAACA--ACGCGGCAATGTGGATGATAATTTTTCATTAACTAGAGTAACGAATACTACTTTGCCCCGATATTTATTATTGTTCAG,491599,MODIFIED,501375,14.553701015965167
TGATCACTCCACTGCCAAGCCAATCAACTGGCTGTGAAGTGAAATTGTATAATAAAATGCCGAATGTCTCTCGATCTGATCTAAACCAGGCCAATACGTTGTGAATGAGTACTCCCGTCAACATAATTTGAATATCTATGACGGGGGTGAGCTGCGCAACAC---GCGGCAATGTGGATGATAATTTTTCATTAACTAGAGTAACGAATACTACTTTGCCCCGATATTTATTATTGTTCAG,286967,MODIFIED,311486,9.04168359941945
TGATCACTCCACTGCCAAGCCAATCAACTGGCTGTGAAGTGAAATTGTATAATAAAATGCCGAATGTCTCTCGATCTGATCTAAACCAGGC----------------------------------------------------------------------------GGCAATGTGGATGATAATTTTTCATTAACTAGAGTAACGAATACTACTTTGCCCCGATATTTATTATTGTTCAG,247937,MODIFIED,250609,7.274571843251089
TGATCACTCCACTGCCAAGCCAATCAACTGGCTGTGAAGTGAAATTGTATAATAAAATGCCGAATGTCTCTCGATCTGATCTAAACCA----------------------------------------------------------------------------CGCGGCAATGTGGATGATAATTTTTCATTAACTAGAGTAACGAATACTACTTTGCCCCGATATTTATTATTGTTCAG,154132,MODIFIED,156426,4.540667634252539
TGATCACTCCACTGCCAAGCCAATCAACTGGCTGTGAAGTGAAATTGTATAATAAAATGCCGAATGTCTCTCGATCTGATCTAAACCAGGCCAATACGTTGTGAATGAGTACTCCCGTCAACATAATTTGAATATCTATGACGGGGGTGAGCTGCGCAAC-----GCGGCAATGTGGATGATAATTTTTCATTAACTAGAGTAACGAATACTACTTTGCCCCGATATTTATTATTGTTCAG,132315,MODIFIED,139565,4.051233671988389
TGATCACTCCACTGCCAAGCCAATCAACTGGCTGTGAAGTGAAATTGTATAATAAAATGCCGAATGTCTCTCGATCTGATCTAAACCAGGC-------------------------------------------------------------TGCGCAAC-----GCGGCAATGTGGATGATAATTTTTCATTAACTAGAGTAACGAATACTACTTTGCCCCGATATTTATTATTGTTCAG,92747,MODIFIED,93814,2.7231930333817123
TGATCACTCCACTGCCAAGCCAATCAACTGGCTGTGAAGTGAAATTGTATAATAAAATGCCGAATGTCTCTCGATCTGATCTAAACCAGGC----------------------------------------------ACCACGGGGGTGAGCTGCGCAA-------------TGTGGATGATAATTTTTCATTAACTAGAGTAACGAATACTACTTTGCCCCGATATTTATTATTGTTCAG,90928,MODIFIED,92727,2.6916400580551523
TGATCACTCCACTGCCAAGCCAATCAACTGGCTGTGAAGTGAAATTGTATAATAAAATGCCGAATGTCTCTCGATCTGATCTAAACCAGGCCAATACGTTGTGAATGAGTACTCCCGTCAACATAATTTGAATATCTATGACGGGGGTGAGCTGCGC----------GGCAATGTGGATGATAATTTTTCATTAACTAGAGTAACGAATACTACTTTGCCCCGATATTTATTATTGTTCAG,83254,MODIFIED,86193,2.5019738751814224
TGATCACTCCACTGCCAAGCCAATCAACTGGCTGTGAAGTGAAATTGTATAATAAAATGCCGAATGTCTCTCGATCTGATCTAAACCAGGCCAATACGTTGTGAATGAGTACTCCCGTCAACATAATTTGAATATCTATGACGGGGGTGAGCTGCGCAACACAACGCGGCAATGTGGATGATAATTTTTCATTAACTAGAGTAACGAATACTACTTTGCCCCGATATTTATTATTGTTCAG,82509,UNMODIFIED,114894,3.3350943396226413
TGATCACTCCACTGCCAAGCCAATCAACTGGCTGTGAAGTGAAATTGTATAATAAAATGCCGAATGTCTCTCGATCTGATCTAAACCAGG---------------------------------------------------------TGAGCTGCGCAACACA-CGCGGCAATGTGGATGATAATTTTTCATTAACTAGAGTAACGAATACTACTTTGCCCCGATATTTATTATTGTTCAG,80413,MODIFIED,81540,2.366908563134978
TGATCACTCCACTGCCAAGCCAATCAACTGGCTGTGAAGTGAAATTGTATAATAAAATGCCGAATGTCTCTCGATCTGATCTAAACCAGGCCAATACGTTGTGAATGAGTACTCCCGTCAACATAATTTGAATATCTATGACGGGGGTGAGCTGCGCAA-------------TGTGGATGATAATTTTTCATTAACTAGAGTAACGAATACTACTTTGCCCCGATATTTATTATTGTTCAG,78217,MODIFIED,79919,2.319854862119013
TGATCACTCCACTGCCAAGCCAATCAACTGGCTGTGAAGTGAAATTGTATAATAAAATGCCGAATGTCTCTCGATCTGATCTAAACCAGGCCAATACGTTGTGAATGAGTACTCCCGTCAACATAATTTGAATATCTATGACGGGGGTGAGCTGCGCAACAC-----GGCAATGTGGATGATAATTTTTCATTAACTAGAGTAACGAATACTACTTTGCCCCGATATTTATTATTGTTCAG,68871,MODIFIED,83599,2.426676342525399
TGATCACTCCACTGCCAAGCCAATCAACTGGCTGTGAAGTGAAATTGTATAATAAAATGCCGAATGTCTCTCGATCTGATCTAAACCAGGCCAATACGTTGTGAATGAGTACTCCCGTCAACATAATTTGAATATCTATGACGGGGGTGAGCTGCGCAACA--ACGCGGCAATGTGGATGATAATTTTTCATTAACTAGAGTAACGAATACTACTTTGCCCCGATATTTATTATTGTTCAG,67402,MODIFIED,74453,2.161190130624093
TGATCACTCCACTGCCAAGCCAATCAACTGGCTGTGAAGTGAAATTGTATAATAAAATGCCGAATGTCTCTCGATCTGATCTAAACCAGGC---------GTGA--------------------------------------GGGGGTGAGCTGCGCAACACATCCACGCGGCAATGTGGATGATAATTTTTCATTAACTGTAACGAATACTACTTTGCCCCGATATTTATTATTGTTCAG,66350,MODIFIED,67204,1.950769230769231
TGATCACTCCACTGCCAAGCCAATCAACTGGCTGTGAAGTGAAATTGTATAATAAAATGCCGAATGTCTCTCGATCTGATCTAAAC--------------------------------------------------------GGGGGTGAGCTGCGCAA-------------TGTGGATGATAATTTTTCATTAACTAGAGTAACGAATACTACTTTGCCCCGATATTTATTATTGTTCAG,61939,MODIFIED,67498,1.9593033381712626
TGATCACTCCACTGCCAAGCCAATCAACTGGCTGTGAAGTGAAATTGTATAATAAAATGCCGAATGTCTCTCGATCTGATCTAAACCAGGCCAATACGTTGTGAATGAGTACTCCCGTCAACATAATTTGAATATCTATGACGGGGGTGAGCTGCGCAACACAAACGCGGCAATGTGGATGATAATTTTTCATTAACTAGGTAACGAATACTACTTTGCCCCGATATTTATTATTGTTCAG,50766,MODIFIED,52797,1.5325689404934688
TGATCACTCCACTGCCAAGCCAATCAACTGGCTGTGAAGTGAAATTGTATAATAAAATGCCGAATGTCTCTCGATCTGATCTAAACCA-----ATACGTTGTGAATGAGTACTCCCGTCAACATAATTTGA------------GCTGTGAGCTGCGCAACA-AACGCGGCAATGTGGATGATAATTTTTCATTAACTAGAGTAACGAATACTACTTTGCCCCGATATTTATTATTGTTCAG,47150,MODIFIED,48695,1.4134978229317852
TGATCACTCCACTGCCAAGCCAATCAACTGGCTGTGAAGTGAAATTGTATAATAAAATGCCGAATGTCTCTCGATCTGATCTAAAC--------------------------------------------------------GGGGGTGAGCTGCGCAA----ACGCGGCAATGTGGATGATAATTTTTCATTAACTAGAGTAACGAATACTACTTTGCCCCGATATTTATTATTGTTCAG,43338,MODIFIED,44629,1.2954716981132075
TGATCACTCCACTGCCAAGCCAATCAACTGGCTGTGAAGTGAAATTGTATAATAAAATGCCGAATGTCTCTCGATCTGATCTAAACCAGGCCAATACGTTGTGAATGAGTACTCCCGTCAACATAATTTGAATATCTATG-----------------------------------------------------------AGTAACGAATACTACTTTGCCCCGATATTTATTATTGTTCAG,41589,MODIFIED,42301,1.2278955007256893
TGATCACTCCACTGCCAAGCCAATCAACTGGCTGTGAAGTGAAATTGTATAATAAAATGCCGAATGTCTCTCGATCTGATCTAAACCAGGCCAATACGTTGTGAATGAGTACTCCCGTCAACATAATTTGA------------GCTGTGAGCTGCGCAACA-AACGCGGCAATGTGGATGATAATTTTTCATTAACTAGAGTAACGAATACTACTTTGCCCCGATATTTATTATTGTTCAG,38503,MODIFIED,39706,1.152568940493469
TGATCACTCCACTGCCAAGCCAATCAACTGGCTGTGAAGTGAAATTGTATAATAAAATGCCGAATGTCTCTCGATCTGATCTAAACCAGGC------GTTGTGAATGAGTACTCCCGTCAACATAATTTGAATATCTATGACGGGGGTGAGCTGCGCAACA--ACGCGGCAATGTGGATGATAATTTTTCATTAACTAGAGTAACGAATACTACTTTGCCCCGATATTTATTATTGTTCAG,35012,MODIFIED,36323,1.054368650217707
TGATCACTCCACTGCCAAGCCAATCAACTGGCTGTGAAGTGAAATTGTATAATAAAATGCCGAATGTCTCTCGATCTGATCTAAAC--------------------------------------------------------GGGGGTGAGCTGCGCAACAC---GCGGCAATGTGGATGATAATTTTTCATTAACTAGAGTAACGAATACTACTTTGCCCCGATATTTATTATTGTTCAG,34218,MODIFIED,41743,1.211698113207547
TGATCACTCCACTGCCAAGCCAATCAACTGGCTGTGAAGTGAAATTGTATAATAAAATGCCGAATGTCTCTCGATCTGATCTAAACCAGGCCAATACGTTGTGAATGAGTACTCCCGTCAACATAATTTGAATATCTATGACGGGGGTGAGC----------------GCAATGTGGATGATAATTTTTCATTAACTAGAGTAACGAATACTACTTTGCCCCGATATTTATTATTGTTCAG,29372,MODIFIED,35032,1.0168940493468794
TGATCACTCCACTGCCAAGCCAATCAACTGGCTGTGAAGTGAAATTGTATAATAAAATGCCGAATGTCTCTCGATCTGATCTAAACCAGGCCAATACGTTGTGAATGAGTACTCCCGTCAACATAATTTGAATATCTATGACGGGGGTGAGCTGCGCAA---AACGCGGCAATGTGGATGATAATTTTTCATTAACTAGAGTAACGAATACTACTTTGCCCCGATATTTATTATTGTTCAG,29286,UNMODIFIED,31785,0.9226415094339623
TGATCACTCCACTGCCAAGCCAATCAACTGGCTGTGAAGTGAAATTGTATAATAAAATGCCGAATGTCTCTCGATCTGATCTAAACCAGGCCAATACGTTGTGAATGAGTACTCCCGTCAACAGC-------------TCACGGGGGTGAGCTGCGCAAC-----GCGGCAATGTGGATGATAATTTTTCATTAACTAGAGTAACGAATACTACTTTGCCCCGATATTTATTATTGTTCAG,27179,MODIFIED,27810,0.8072568940493469
TGATCACTCCACTGCCAAGCCAATCAACTGGCTGTGAAGTGAAATTGTATAATAAAATGCCGAATGTCTCTCGATCTGATCTAAACCAGGC-------------------------------------------------------------------------------AATGTGGATGATAATTTTTCATTAACTAGAGTAACGAATACTACTTTGCCCCGATATTTATTATTGTTCAG,26462,MODIFIED,28767,0.8350362844702468
TGATCACTCCACTGCCAAGCCAATCAACTGGCTGTGAAGTGAAATTGTATAATAAAATGCCGAATGTCTCTCGATCTGATCTAAAC-----------GTTGTGAATGAGTACTCCCGTCAACATAATTTGA------------GCTGTGAGCTGCGCAACA-AACGCGGCAATGTGGATGATAATTTTTCATTAACTAGAGTAACGAATACTACTTTGCCCCGATATTTATTATTGTTCAG,26275,MODIFIED,26936,0.7818867924528301
TGATCACTCCACTGCCAAGCCAATCAACTGGCTGTGAAGTGAAATTGTATAATAAAATGCCGAATGTCTCTCGATCTGATCTAAACCAGGCCAATACGTTGTGAATGAGTACTCCCGTCAACATAATTTGAATATCTATG-----------------------ACGCGGCAATGTGGATGATAATTTTTCATTAACTAGAGTAACGAATACTACTTTGCCCCGATATTTATTATTGTTCAG,24970,MODIFIED,26624,0.7728301886792452
TGATCACTCCACTGCCAAGCCAATCAACTGGCTGTGAAGTGAAATTGTATAATAAAATGCCGAATGTCTCTCGATCTGATCTAAACCAGGCCAATACGTTGTGAATGAGTACTCCCGTCAACATAATTTGAATAT-------------GAGCTGCG------------GCAATGTGGATGATAATTTTTCATTAACTAGAGTAACGAATACTACTTTGCCCCGATATTTATTATTGTTCAG,24247,MODIFIED,24642,0.7152975326560232
TGATCACTCCACTGCCAAGCCAATCAACTGGCTGTGAAGTGAAATTGTATAATAAAATGCCGAATGTCTCTCGATCTGATCTAAACCAGGC---------------------------------------------------GGGGGTGAGCTGCGCAACACAAACGCGGCAATGTGGATGATAATTTTTCATTAACTAGGTAACGAATACTACTTTGCCCCGATATTTATTATTGTTCAG,23618,MODIFIED,24108,0.6997968069666183
TGATCACTCCACTGCCAAGCCAATCAACTGGCTGTGAAGTGAAATTGTATAATAAAATGCCGAATGTCTCTCGATCTGATCTAAACCAGGCCAATACGTTGTGAATGAGTACTCCCGTCAACATAATTTGAATATCTATGACGGG--TGAGCTGCGCAACAC---GCGGCAATGTGGATGATAATTTTTCATTAACTAGAGTAACGAATACTACTTTGCCCCGATATTTATTATTGTTCAG,23333,MODIFIED,23838,0.6919593613933237
TGATCACTCCACTGCCAAGCCAATCAACTGGCTGTGAAGTGAAATTGTATAATAAAATGCCGAATGTCTCTCGATCTGATCTAAACCAGGC-AGCTGGTTGTGAATGAGTACTCCCGTCAACATAATTTGAATATCTA---CGGGGGTGAGCTGCGCAACA-AACGCGGCAATGTGGATGATAATTTTTCATTAACTAGAGTAACGAATACTACTTTGCCCCGATATTTATTATTGTTCAG,22354,MODIFIED,23002,0.6676923076923077
TGATCACTCCACTGCCAAGCCAATCAACTGGCTGTGAAGTGAAATTGTATAATAAAATGCCGAATGTCTCTCGATCTGATCTAAACCAGGCCAATACGTTGTGAATGAGTACTCCCGTCAACATAATTTGAGTT---------GTGTTGAGCTGCGCAACACAACGCGGCAATGTGGATGATAATTTTTCATTAACTAGAGTAACGAATACTACTTTGCCCCGATATTTATTATTGTTCAG,21415,MODIFIED,22062,0.6404063860667634
TGATCACTCCACTGCCAAGCCAATCAACTGGCTGTGAAGTGAAATTGTATAATAAAATGCCGAATGTCTCTCGATCTGATCTAAACCAGGCAATACGTTCACAATACGTTGTGAATGAGTACTCCCGTCAACATAATTTGAATATCTATG---GGGGTGAGCTGCGCAAC-----GCGGCAATGTGGATGATAATTTTTCGTAACGAATACTACTTTGCCCCGATATTTATTATTGTTCAG,20659,MODIFIED,21135,0.6134978229317852
TGATCACTCCACTGCCAAGCCAATCAACTGGCTGTGAAGTGAAATTGTATAATAAAATGCCGAATGTCTCTCGATCTGATCTAAACCAGGCCAATACGTTGTGAATGAGTACTCCCGTCAACATAATTTGAATATC------GGGGGTGAGCTGCGCAAC-----GCGGCAATGTGGATGATAATTTTTCATTAACTAGAGTAACGAATACTACTTTGCCCCGATATTTATTATTGTTCAG,19685,MODIFIED,20207,0.5865602322206096
TGATCACTCCACTGCCAAGCCAATCAACTGGCTGTGAAGTGAAATTGTATAATAAAATGCCGAATGTCTCTCGATC-----------ATTCACATACGTTGTGAATGAGTACTCCCGTCAACATAATTTGAATATCTATGACGGGG---------------CAACGCGGCAATGTGGATGATAATTTTTCATTAACTAGAGTAACGAATACTACTTTGCCCCGATATTTATTATTGTTCAG,19329,MODIFIED,19780,0.5741654571843251
TGATCACTCCACTGCCAAGCCAATCAACTGGCTGTGAAGTGAAATTGTATAATAAAATGCCGAATGTCTCTCGATCTGATCTAAACCAGGCCAATACGTTGTGAATGAGTACTCCCGTCAAC-------------------------------------------GCGGCAATGTGGATGATAATTTTTCATTAACTAGAGTAACGAATACTACTTTGCCCCGATATTTATTATTGTTCAG,19225,MODIFIED,19880,0.5770682148040639
TGATCACTCCACTGCCAAGCCAATCAACTGGCTGTGAAGTGAAATTGTATAATAAAATGCCGAATGTCTCTCGATCTGATCTAAAC-------------------------------------------------------------------------------GCGGCAATGTGGATGATAATTTTTCATTAACTAGAGTAACGAATACTACTTTGCCCCGATATTTATTATTGTTCAG,19128,MODIFIED,19237,0.5584034833091437
TGATCACTCCACTGCCAAGCCAATCAACTGGCTGTGAAGTGAAATTGTATAATAAAATGCCGAATGTCTCTCGATCTGATCTAAACCAGGCCAATACGTTGTGAATGAGTACTCCCGTCAACATAATC-----------------------------------------CAATGTGGATGATAATTTTTCATTAACTAGAGTAACGAATACTACTTTGCCCCGATATTTATTATTGTTCAG,19119,MODIFIED,19396,0.5630188679245283
TGATCACTCCACTGCCAAGCCAATCAACTGGCTGTGAAGTGAAATTGTATAATAAAATGCCGAATGTCTCTCGATCTGATCTAAACCAGGCCAATACGTTGTGAATGAGTACTCCCGTCAACATAATTTGAATATCTATGACGGGGGTGAGCTGCGCAACAGCTGATGATCGACACGCGGCAATGTGGATGATAATTTTTGTAACGAATACTACTTTGCCCCGATATTTATTATTGTTCAG,18108,MODIFIED,18670,0.541944847605225
TGATCACTCCACTGCCAAGCCAATCAACTGGCTGTGAAGTGAAATTGTATAATAAAATGCCGAATGTCTCTCGATCTGATCTAAACCAGGCCAATACGTTGTGAATGAGTACTCCCGTCAACATAATTTGA-------------------GCTGCGCAACACGCAACGCGGCAATGTGGATGATAATTTTTCATTAACTAGTAACGAATACTACTTTGCCCCGATATTTATTATTGTTCAG,18093,MODIFIED,18525,0.5377358490566038
TGATCACTCCACTGCCAAGCCAATCAACTGGCTGTGAAGTGAAATTGTATAATAAAATGCCGAATGTCTCTCGATCTGATCTAAACCAGG--------TTGTGAATGAGTACTCCCGTCAACATAATTTGAATATCTATGA-----GTGAGCTGCGCAACAC---GCGGCAATGTGGATGATAATTTTTCATTAACTAGAGTAACGAATACTACTTTGCCCCGATATTTATTATTGTTCAG,18091,MODIFIED,18435,0.5351233671988389
TGATCACTCCACTGCCAAGCCAATCAACTGGCTGTGAAGTGAAATTGTATAATAAAATGCCGAATGTCTCTCGATCTGATCTAAACCAG--CAACACG---------------------------------------------------------------CAACGCGGCAATGTGGATGATAATTTTTCATTAACTAGAGTAACGAATACTACTTTGCCCCGATATTTATTATTGTTCAG,17826,MODIFIED,17945,0.5208998548621191
TGATCACTCCACTGCCAAGCCAATCAACTGGCTGTGAAGTGAAATTGTATAATAAAATGCCGAATGTCTCTCGATCTGATCTAAACCAGGC-AACACGTTGTGAATGAGTACTCCCGTCAACATAATTTGA-------------------GCTGCGCAACACGCAACGCGGCAATGTGGATGATAATTTTTCATTAACTAGTAACGAATACTACTTTGCCCCGATATTTATTATTGTTCAG,17650,MODIFIED,17964,0.5214513788098694
TGATCACTCCACTGCCAAGCCAATCAACTGGCTGTGAAGTGAAATTGTATAATAAAATGCCGAATGTCTCTCGATCTGATCTAAACCAGGCCAATACGTTGTGAATGAGTACTCCCGTCAACATAATTTGAATATCTATGACGGGGGTGAGCTGCGCAACAGCTCATTGCGCGGCAATGTGGATGATAATTTTTCATTAAGTAACGAATACTACTTTGCCCCGATATTTATTATTGTTCAG,17122,MODIFIED,17521,0.5085921625544266
TGATCACTCCACTGCCAAGCCAATCAACTGGCTGTGAAGTGAAATTGTATAATAAAATGCCGAATGTCTCTCGATCTGATCTAAACCAGGC--ATACGTTGTGAATGAGTACTCCCGTCAACATAATTTGAATATCTATGACGGGGGTGAGCTGCGCAA-------------TGTGGATGATAATTTTTCATTAACTAGAGTAACGAATACTACTTTGCCCCGATATTTATTATTGTTCAG,16462,MODIFIED,17373,0.5042960812772134
TGATCACTCCACTGCCAAGCCAATCAACTGGCTGTGAAGTGAAATTGTATAATAAAATGCCGAATGTCTCTCGATCTGATCTAAACCAGGCCAATACGTTGTGAATGAGTACTCCCGTCAACATAATTTGAATATCTATGACGGGGGTGAGCTGCGCAACA----------ATGTGGATGATAATTTTTCATTAACTAGAGTAACGAATACTACTTTGCCCCGATATTTATTATTGTTCAG,16453,MODIFIED,17131,0.4972714078374456
TGATCACTCCACTGCCAAGCCAATCAACTGGCTGTGAAGTGAAATTGTATAATAAAATGCCGAATGTCTCTCGATCTGATCTAAACCAGGCCAATACG---------------------------------------------GGGGTGAGCTGCGCAAC-----GCGGCAATGTGGATGATAATTTTTCATTAACTAGAGTAACGAATACTACTTTGCCCCGATATTTATTATTGTTCAG,16434,MODIFIED,16706,0.4849346879535559
TGATCACTCCACTGCCAAGCCAATCAACTGGCTGTGAAGTGAAATTGTATAATAAAATGCCGAATGTCTCTCGATCTGATCTAAACCA------TACGTTGTGAATGAGTACTCCCGTCAACATAATTTGAATATCTATGACGGGGGTGAGCTGCGCAACAC---GCGGCAATGTGGATGATAATTTTTCATTAACTAGAGTAACGAATACTACTTTGCCCCGATATTTATTATTGTTCAG,15628,MODIFIED,20522,0.5957039187227867
TGATCACTCCACTGCCAAGCCAATCAACTGGCTGTGAAGTGAAATTGTATAATAAAATGCCGAATGTCTCTCGATCTGATCTAAACCAGGCCAATACGTTGTGAATGAGTACTCCCGTCAACATAATTTGAATATCTATGACGGGGGTGAGCT----------ACGCGGCAATGTGGATGATAATTTTTCATTAACTAGAGTAACGAATACTACTTTGCCCCGATATTTATTATTGTTCAG,15449,MODIFIED,19941,0.5788388969521046
TGATCACTCCACTGCCAAGCCAATCAACTGGCTGTGAAGTGAAATTGTATAATAAAATGCCGAATGTCTCTCGATCTGATCTAAACCAGGCCAATACGTTGTGAATGAGTACTCCCGTCAACATAATTTGAATATCTATGACGGGGGTGAGCTGCGCAAC-------GGCAATGTGGATGATAATTTTTCATTAACTAGAGTAACGAATACTACTTTGCCCCGATATTTATTATTGTTCAG,14606,MODIFIED,15014,0.4358200290275762
TGATCACTCCACTGCCAAGCCAATCAACTGGCTGTGAAGTGAAATTGTATAATAAAATGCCGAATGTCTCTCGATCTGATCTAAACCAG--------------AATGAGTACTCCCGTCAACATAATTTGAATATCTA---CGGGGGTGAGCTGCGCAAC-----GCGGCAATGTGGATGATAATTTTTCATTAACTAGAGTAACGAATACTACTTTGCCCCGATATTTATTATTGTTCAG,14028,MODIFIED,14283,0.4146008708272859
TGATCACTCCACTGCCAAGCCAATCAACTGGCTGTGAAGTGAAATTGTATAATAAAATGCCGAATGTCTCTCGATCTGATCTA-------------------------------------------------------TCACGGGGGTGAGC---------------GGCAATGTGGATGATAATTTTTCATTAACTAGAGTAACGAATACTACTTTGCCCCGATATTTATTATTGTTCAG,13965,MODIFIED,14092,0.4090566037735849
TGATCACTCCACTGCCAAGCCAATCAACTGGCTGTGAAGTGAAATTGTATAATAAAATGCCGAATGTCTCTCGATCTGATCTAAACCAGGCCAATACGTTGTGAATGAGTACTCCCGTCAACATAATTTGAATATCTA---CGGGGGTGAGCTGCGCAACA-AACGCGGCAATGTGGATGATAATTTTTCATTAACTAGAGTAACGAATACTACTTTGCCCCGATATTTATTATTGTTCAG,13376,MODIFIED,16938,0.4916690856313498
TGATCACTCCACTGCCAAGCCAATCAACTGGCTGTGAAGTGAAATTGTATAATAAAATGCCGAATGTCTCTCGATCTGATCTAAACCAGGCCAATACGTTGTGAATGAGTACTCCCGTCAACATAATTTGAATATCTATG---------AGCTGCGCAACAC---GCGGCAATGTGGATGATAATTTTTCATTAACTAGAGTAACGAATACTACTTTGCCCCGATATTTATTATTGTTCAG,13363,MODIFIED,13608,0.39500725689404936
TGATCACTCCACTGCCAAGCCAATCAACTGGCTGTGAAGTGAAATTGTATAATAAAATGCCGAATGTCTCTCGATCTGATCTAAACCAGGCCAATACGTTGTGAATGAGTACTCCCGTCAACATAATTTGAATATC------GGGGGTGAGCTGCGCAACACAAACGCGGCAATGTGGATGATAATTTTTCATTAACTAGGTAACGAATACTACTTTGCCCCGATATTTATTATTGTTCAG,12912,MODIFIED,13237,0.38423802612481855
TGATCACTCCACTGCCAAGCCAATCAACTGGCTGTGAAGTGAAATTGTATAATAAAATGCCGAATGTCTCTCGATCTGATCTAAACCAGGCCAATACGTTGTGAATGAGTACTCCCGTCAACATAATTTGAATATCTATATCTATACGGGGGTGAGCTGCGCAAC-----GCGGCAATGTGGATGATAATTTTTCATTAAGTAACGAATACTACTTTGCCCCGATATTTATTATTGTTCAG,12867,MODIFIED,13170,0.3822931785195936
TGATCACTCCACTGCCAAGCCAATCAACTGGCTGTGAAGTGAAATTGTATAATAAAATGCCGAATGTCTCTCGATC-----------ATTCACATACGTTGTGAATGAGTACTCCCGTCAACATAATTTGAATATCTATGACGGGGGTGAGCTGCGCAACAC---GCGGCAATGTGGATGATAATTTTTCATTAACTAGAGTAACGAATACTACTTTGCCCCGATATTTATTATTGTTCAG,12734,MODIFIED,13151,0.3817416545718432
TGATCACTCCACTGCCAAGCCAATCAACTGGCTGTGAAGTGAAATTGTATAATAAAATGCCGAATGTCTCTCGATCTGATCTAAA---------TACGTTGTGAATGAGTACTCCCGTCAACATAATTTGAATATCTATGACGGGGGTGAGCTGCGCAACAC---GCGGCAATGTGGATGATAATTTTTCATTAACTAGAGTAACGAATACTACTTTGCCCCGATATTTATTATTGTTCAG,12333,MODIFIED,12714,0.3690566037735849
TGATCACTCCACTGCCAAGCCAATCAACTGGCTGTGAAGTGAAATTGTATAATAAAATGCCGAATGTCTCTCGATCTGATCTAAAC------AATACGTTGTGAATGAGTACTCCCGTCAACATAATTTGAATATCTATGACGGGGGTGAGCTGCGCAAC-----GCGGCAATGTGGATGATAATTTTTCATTAACTAGAGTAACGAATACTACTTTGCCCCGATATTTATTATTGTTCAG,12026,MODIFIED,12273,0.356255442670537
TGATCACTCCACTGCCAAGCCAATCAACTGGCTGTGAAGTGAAATTGTATAATAAAATGCCGAATGTCTCTCGATCTGATCTAAACCAGGC--ATACGTTGTGAATGAGTACTCCCGTCAACATAATTTGAATATCTATGACGGGGGTGAGCTGC-------AACGCGGCAATGTGGATGATAATTTTTCATTAACTAGAGTAACGAATACTACTTTGCCCCGATATTTATTATTGTTCAG,11928,MODIFIED,12354,0.3586066763425254
TGATCACTCCACTGCCAAGCCAATCAACTGGCTGTGAAGTGAAATTGTATAATAAAATGCCGAATGTCTCTCGATCTGATCTAAACCAGGCCAATACGTTGTGAATGAGTACTCCCGTCAACATAATTTGAATATCTATGACGGGGGTGAGCTGCGCAACACTTTCACGCGGCAATGTGGATGATAATTTTTCATTAACTGTAACGAATACTACTTTGCCCCGATATTTATTATTGTTCAG,11637,MODIFIED,11938,0.34653120464441217
TGATCACTCCACTGCCAAGCCAATCAACTGGCTGTGAAGTGAAATTGTATAATAAAATGCCGAATGTCTCTCGATCTGATCTAAACCAGGCCA---CGTTGTGAATGAGTACTCCCGTCAACATAATTTGAATATCTATGACGGGGGTGAGCTGCGCAAC-----GCGGCAATGTGGATGATAATTTTTCATTAACTAGAGTAACGAATACTACTTTGCCCCGATATTTATTATTGTTCAG,11462,MODIFIED,11703,0.33970972423802615
TGATCACTCCACTGCCAAGCCAATCAACTGGCTGTGAAGTGAAATTGTATAATAAAATGCCGAATGTCTCTCGATCTGATCTAAACCAGGCCAATACGTTGTGAATGAGTACTCCCGTCAACATAATTTGAATATCTATGTACTCACGGGGGTGAGCTGCGCAAC-----GCGGCAATGTGGATGATAATTTTTCATTAAGTAACGAATACTACTTTGCCCCGATATTTATTATTGTTCAG,11325,MODIFIED,11596,0.3366037735849057
TGATCACTCCACTGCCAAGCCAATCAACTGGCTGTGAAGTGAAATTGTATAATAAAATGCCGAATGTCTCTCGATCTGATCTAAACCAGGCCAATACGTTGTGAATGAGTACTCCCGTCAACATAATTTGAATATCTA---CGGGGGTGAGCTGCGCAACACAAACGCGGCAATGTGGATGATAATTTTTCATTAACTAGGTAACGAATACTACTTTGCCCCGATATTTATTATTGTTCAG,11236,MODIFIED,11618,0.3372423802612482
TGATCACTCCACTGCCAAGCCAATCAACTGGCTGTGAAGTGAAATTGTATAATAAAATGCCGAATGTCTCTCGATCTGATCTAAACCA---CAATACGTTGTGAATGAGTACTCCCGTCAACATAATTTGAATATCTATGACGGGGGTGAGCTGCGCAACAC---GCGGCAATGTGGATGATAATTTTTCATTAACTAGAGTAACGAATACTACTTTGCCCCGATATTTATTATTGTTCAG,11176,MODIFIED,11482,0.33329462989840347
TGATCACTCCACTGCCAAGCCAATCAACTGGCTGTGAAGTGAAATTGTATAATAAAATGCCGAATGTCTCTCGATCTGATCTAAACCG-------------------------------------------------------------------------CAACGCGGCAATGTGGATGATAATTTTTCATTAACTAGAGTAACGAATACTACTTTGCCCCGATATTTATTATTGTTCAG,10526,MODIFIED,10630,0.3085631349782293
TGATCACTCCACTGCCAAGCCAATCAACTGGCTGTGAAGTGAAATTGTATAATAAAATGCCGAATGTCTCTCGATCTGATCTAAACCAGGTACGTTGATACGTTGTGAATGAGTACTCCCGTCAACATAATTTGAATATCTATGACGGGGGTGAGCTGCGCAA---AACGCGGCAATGTGGATGATAATTTTTCATTAACGTAACGAATACTACTTTGCCCCGATATTTATTATTGTTCAG,10369,MODIFIED,10612,0.30804063860667635
TGATCACTCCACTGCCAAGCCAATCAACTGGCTGTGAAGTGAAATTGTATAATAAAATGCCGAATGTCTCTCGATCTGATCTAAACCAGGC------GTTGTGAATGAGTACTCCCGTCAACATAATTTGAATATCTATGACGGGGGTGAGCTGCGCAA---AACGCGGCAATGTGGATGATAATTTTTCATTAACTAGAGTAACGAATACTACTTTGCCCCGATATTTATTATTGTTCAG,10189,MODIFIED,10475,0.30406386066763424
TGATCACTCCACTGCCAAGCCAATCAACTGGCTGTGAAGTGAAATTGTATAATAAAATGCCGAATGTCTCTCGATCTGATCTAAACCAGGC----ACGTTGTGAATGAGTACTCCCGTCAACATAATTTGAATATCTATGACGGGGGTGAGCTGCGCAACA-AACGCGGCAATGTGGATGATAATTTTTCATTAACTAGAGTAACGAATACTACTTTGCCCCGATATTTATTATTGTTCAG,9676,MODIFIED,11104,0.322322206095791
TGATCACTCCACTGCCAAGCCAATCAACTGGCTGTGAAGTGAAATTGTATAATAAAATGCCGAATGTCTCTCGATCTGATCTAAACCAGGC---TACGTTGTGAATGAGTACTCCCGTCAACATAATTTGAATATCTATGACGGGGGTGAGCTGCGCAACACAAACGCGGCAATGTGGATGATAATTTTTCATTAACTAGGTAACGAATACTACTTTGCCCCGATATTTATTATTGTTCAG,9642,MODIFIED,11462,0.3327140783744557
TGATCACTCCACTGCCAAGCCAATCAACTGGCTGTGAAGTGAAATTGTATAATAAAATGCCGAATGTCTCTCGATCTGATCTAAACCAGACTATAGTACGTTGTGAATGAGTACTCCCGTCAACATAATTTGAATATCTATGACGGGGGTGAGCTGCGCAACA-AACGCGGCAATGTGGATGATAATTTTTCATTAACTAGTAACGAATACTACTTTGCCCCGATATTTATTATTGTTCAG,9566,MODIFIED,10578,0.3070537010159652
TGATCACTCCACTGCCAAGCCAATCAACTGGCTGTGAAGTGAAATTGTATAATAAAATGCCGAATGTCTCTCGATCTGATCTAAACCAGGC-----------------------------------------------------------------------AACGCGGCAATGTGGATGATAATTTTTCATTAACTAGAGTAACGAATACTACTTTGCCCCGATATTTATTATTGTTCAG,8217,MODIFIED,11915,0.34586357039187227
TGATCACTCCACTGCCAAGCCAATCAACTGGCTGTGAAGTGAAATTGTATAATAAAATGCCGAATGTCTCTCGATCTGATCTAAACCAGGCCAATACGTTGTGAATGAGTACTCCCGTCAACATAATTTGAATATCTATGACGGGGGTGAGCTGC-------AACGCGGCAATGTGGATGATAATTTTTCATTAACTAGAGTAACGAATACTACTTTGCCCCGATATTTATTATTGTTCAG,7349,UNMODIFIED,10419,0.30243831640058055
TGATCACTCCACTGCCAAGCCAATCAACTGGCTGTGAAGTGAAATTGTATAATAAAATGCCGAATGTCTCTCGATCTGATCTAAACCAGGCCAATACGTTGTGAATGAGTACTCCCGTCAACATAATTTGAATATCTATGACGGGG---------------CAACGCGGCAATGTGGATGATAATTTTTCATTAACTAGAGTAACGAATACTACTTTGCCCCGATATTTATTATTGTTCAG,7013,UNMODIFIED,13752,0.39918722786647315
TGATCACTCCACTGCCAAGCCAATCAACTGGCTGTGAAGTGAAATTGTATAATAAAATGCCGAATGTCTCTCGATCTGATCTAAACCAGGCCAATACGTTGTGAATGAGTACTCCCGTCAACATAATTTGAATATCTATGACGGG------------------------CAATGTGGATGATAATTTTTCATTAACTAGAGTAACGAATACTACTTTGCCCCGATATTTATTATTGTTCAG,6482,MODIFIED,12412,0.36029027576197387
